{
  "id": "2468692",
  "name": "wechat_clone",
  "font_family": "iconfont",
  "css_prefix_text": "icon",
  "description": "毕业设计",
  "glyphs": [
    {
      "icon_id": "300234",
      "name": "我的-面",
      "font_class": "wodemian2",
      "unicode": "e60f",
      "unicode_decimal": 58895
    },
    {
      "icon_id": "677364",
      "name": "我选中",
      "font_class": "woxuanzhong",
      "unicode": "e610",
      "unicode_decimal": 58896
    },
    {
      "icon_id": "1149395",
      "name": "通讯录",
      "font_class": "tongxunlu",
      "unicode": "e6c2",
      "unicode_decimal": 59074
    },
    {
      "icon_id": "5405554",
      "name": "发现=坐标",
      "font_class": "faxianzuobiao",
      "unicode": "e732",
      "unicode_decimal": 59186
    },
    {
      "icon_id": "5632048",
      "name": "发现（未选中）",
      "font_class": "faxianweixuanzhong",
      "unicode": "e640",
      "unicode_decimal": 58944
    },
    {
      "icon_id": "6528213",
      "name": "我的2",
      "font_class": "wode",
      "unicode": "e67b",
      "unicode_decimal": 59003
    },
    {
      "icon_id": "6561976",
      "name": "发现",
      "font_class": "faxian",
      "unicode": "e629",
      "unicode_decimal": 58921
    },
    {
      "icon_id": "6561980",
      "name": "发现选中",
      "font_class": "faxianxuanzhong",
      "unicode": "e62a",
      "unicode_decimal": 58922
    },
    {
      "icon_id": "7006122",
      "name": "发现-24",
      "font_class": "faxian-",
      "unicode": "e66c",
      "unicode_decimal": 58988
    },
    {
      "icon_id": "9148716",
      "name": "发现",
      "font_class": "faxian1",
      "unicode": "e64f",
      "unicode_decimal": 58959
    },
    {
      "icon_id": "9478562",
      "name": "我的_选中",
      "font_class": "wode_xuanzhong",
      "unicode": "e606",
      "unicode_decimal": 58886
    },
    {
      "icon_id": "10268418",
      "name": "我的_选中",
      "font_class": "wode_xuanzhong1",
      "unicode": "e66a",
      "unicode_decimal": 58986
    },
    {
      "icon_id": "11082657",
      "name": "我的-选中",
      "font_class": "dibutubiao_wode-xuanzhong",
      "unicode": "e607",
      "unicode_decimal": 58887
    },
    {
      "icon_id": "11594440",
      "name": "发现",
      "font_class": "faxian2",
      "unicode": "e6c0",
      "unicode_decimal": 59072
    },
    {
      "icon_id": "18664716",
      "name": "通讯录",
      "font_class": "tongxunlu1",
      "unicode": "e6af",
      "unicode_decimal": 59055
    },
    {
      "icon_id": "19265867",
      "name": "移动端_我（选中）",
      "font_class": "yidongduan_woxuanzhong",
      "unicode": "e601",
      "unicode_decimal": 58881
    },
    {
      "icon_id": "815451",
      "name": "微信",
      "font_class": "weixin",
      "unicode": "e608",
      "unicode_decimal": 58888
    },
    {
      "icon_id": "20012933",
      "name": "微信",
      "font_class": "huaban58",
      "unicode": "e600",
      "unicode_decimal": 58880
    }
  ]
}
