{
  "id": "2468692",
  "name": "wechat_clone",
  "font_family": "iconfont",
  "css_prefix_text": "icon",
  "description": "毕业设计",
  "glyphs": [
    {
      "icon_id": "8219256",
      "name": "消息免打扰",
      "font_class": "xiaoximiandarao",
      "unicode": "e610",
      "unicode_decimal": 58896
    },
    {
      "icon_id": "637761",
      "name": "反馈",
      "font_class": "fankui",
      "unicode": "e60c",
      "unicode_decimal": 58892
    },
    {
      "icon_id": "925489",
      "name": "扫一扫 (1)",
      "font_class": "saoyisao1",
      "unicode": "e650",
      "unicode_decimal": 58960
    },
    {
      "icon_id": "13625333",
      "name": "添加好友",
      "font_class": "tianjiahaoyou",
      "unicode": "e618",
      "unicode_decimal": 58904
    },
    {
      "icon_id": "18657167",
      "name": "付款/收款",
      "font_class": "hanhan-01-01",
      "unicode": "e685",
      "unicode_decimal": 59013
    },
    {
      "icon_id": "6435519",
      "name": "聊天_激活",
      "font_class": "liaotian_jihuo",
      "unicode": "e63f",
      "unicode_decimal": 58943
    },
    {
      "icon_id": "8798001",
      "name": "搜索",
      "font_class": "sousuo",
      "unicode": "e7d2",
      "unicode_decimal": 59346
    },
    {
      "icon_id": "12702653",
      "name": "加",
      "font_class": "jia",
      "unicode": "e657",
      "unicode_decimal": 58967
    },
    {
      "icon_id": "300234",
      "name": "我的-面",
      "font_class": "wodemian2",
      "unicode": "e60f",
      "unicode_decimal": 58895
    },
    {
      "icon_id": "1149395",
      "name": "通讯录",
      "font_class": "tongxunlu",
      "unicode": "e6c2",
      "unicode_decimal": 59074
    },
    {
      "icon_id": "6528213",
      "name": "我的2",
      "font_class": "wode",
      "unicode": "e67b",
      "unicode_decimal": 59003
    },
    {
      "icon_id": "6561976",
      "name": "发现",
      "font_class": "faxian",
      "unicode": "e629",
      "unicode_decimal": 58921
    },
    {
      "icon_id": "6561980",
      "name": "发现选中",
      "font_class": "faxianxuanzhong",
      "unicode": "e62a",
      "unicode_decimal": 58922
    },
    {
      "icon_id": "18664716",
      "name": "通讯录",
      "font_class": "tongxunlu1",
      "unicode": "e6af",
      "unicode_decimal": 59055
    },
    {
      "icon_id": "815451",
      "name": "微信",
      "font_class": "weixin",
      "unicode": "e608",
      "unicode_decimal": 58888
    },
    {
      "icon_id": "20012933",
      "name": "微信",
      "font_class": "huaban58",
      "unicode": "e600",
      "unicode_decimal": 58880
    }
  ]
}
